<?xml version="1.0" encoding="UTF-8"?>
<colleccio>
  
  <pel·licula titol="Inception" anyEstrena="2010" durada="148">
    <director>Christopher Nolan</director>
    <actors>
      <actor>Leonardo DiCaprio</actor>
      <actor>Joseph Gordon-Levitt</actor>
      <actor>Elliot Page</actor>
      <actor>Tom Hardy</actor>
    </actors>
  </pel·licula>
  
  <pel·licula titol="The Matrix" anyEstrena="1999">
    <director>Lana Wachowski, Lilly Wachowski</director>
    <actors>
      <actor>Keanu Reeves</actor>
      <actor>Laurence Fishburne</actor>
      <actor>Carrie-Anne Moss</actor>
    </actors>
  </pel·licula>

  <pel·licula titol="Interstellar" anyEstrena="2014" durada="169">
    <director>Christopher Nolan</director>
    <actors>
      <actor>Matthew McConaughey</actor>
      <actor>Anne Hathaway</actor>
      <actor>Jessica Chastain</actor>
    </actors>
  </pel·licula>

</colleccio>
    